PROGRAMMER ANALYST,249038
SOFTWARE ENGINEER,121307
COMPUTER PROGRAMMER,70570
SYSTEMS ANALYST,61965
SOFTWARE DEVELOPER,42907
BUSINESS ANALYST,39681
COMPUTER SYSTEMS ANALYST,35086
TECHNOLOGY LEAD - US,28350
SENIOR SOFTWARE ENGINEER,27133
TECHNOLOGY ANALYST - US,26055
ASSISTANT PROFESSOR,25265
SENIOR CONSULTANT,24904
CONSULTANT,23081
PHYSICAL THERAPIST,20207
PROJECT MANAGER,20172
DATABASE ADMINISTRATOR,16665
ACCOUNTANT,14048
COMPUTER PROGRAMMER ANALYST,13634
RESEARCH ASSOCIATE,13623
DEVELOPER,12909
ASSOCIATE,12502
ANALYST,11751
LEAD ENGINEER,11157
COMPUTER SYSTEMS ENGINEER,11090
SENIOR SOFTWARE DEVELOPER,10208
